tipo;nueva;codigo;nombre;organismo;monto_clp;cierre;motivos;link
POSIBLE;;1233615-744-COT26;RMG-INT00259-SLEP Aysén, publicación consejeros electos CLEP, diario de difusión regional;Servicio Local de Educación Pública Aysén;124000;05-10 17:00;difusión;https://buscador.mercadopublico.cl/ficha?code=1233615-744-COT26
POSIBLE;;1233615-743-COT26;RMG-INT00258-SLEP Aysén, publicación de candidaturas CLEP, diario digital de difusión regional;Servicio Local de Educación Pública Aysén;206000;05-10 17:00;difusión;https://buscador.mercadopublico.cl/ficha?code=1233615-743-COT26
POSIBLE;;1458-21-COT26;Adquisición de Material de Difusión del Sistema Elige Vivir Sano. ;SERPLAC XI Región;2812000;06-10 05:30;difusión, publicitarios;https://buscador.mercadopublico.cl/ficha?code=1458-21-COT26
OPORTUNIDAD;sí;4609-271-COT26;CAPSULAS RADIALES;I MUNICIPALIDAD DE CHILE CHICO;600000;06-10 10:45;Publicidad en medios no impresos;https://buscador.mercadopublico.cl/ficha?code=4609-271-COT26
OPORTUNIDAD;sí;1282238-66-COT26;TRANSMISIÓN EN VIVO DE 3 DÍAS Y PUBLICIDAD EN RR.SS;CORPORACION CULTURAL MUNICIPAL DE COYHAIQUE;1500000;06-10 11:00;Publicidad en medios no impresos;https://buscador.mercadopublico.cl/ficha?code=1282238-66-COT26
OPORTUNIDAD;;1746-232-COT26;DISEÑO E IMPRESIÓN DE CREDENCIALES Y PIN (P 476 DAS);SUBSECRETARIA DE SALUD PUBLICA;1100000;06-10 12:00;Ventas y marketing;https://buscador.mercadopublico.cl/ficha?code=1746-232-COT26
POSIBLE;sí;886182-215-COT26;Adquisición de escudo y empavonados para rectoría según Fisabs N°2203;UNIVERSIDAD DE AYSEN;3147975;06-10 16:30;publicitaria;https://buscador.mercadopublico.cl/ficha?code=886182-215-COT26
POSIBLE;sí;1428275-37-COT26;Cintas para Brother TZeS261 Negro sobre blanco - Incluir flete y fotografía;SERVICIO NACIONAL DEL PATRIMONIO CULTURAL;100000;07-10 08:30;fotografía;https://buscador.mercadopublico.cl/ficha?code=1428275-37-COT26
OPORTUNIDAD;sí;1746-234-COT26;APOYO A EJECUCIÓN JORNADA NACIONAL 30 AÑOS DE HANTAVIRUS EN CHILE;SUBSECRETARIA DE SALUD PUBLICA;800000;07-10 10:00;Ventas y marketing;https://buscador.mercadopublico.cl/ficha?code=1746-234-COT26
POSIBLE;sí;734-167-COT26;Adquisición de 20 neumáticos Mixto AT medidas 245-75r16, 10 telas;SERVICIO DE SALUD AYSEN CARLOS IBANEZ DEL CAMPO;3180000;07-10 16:00;radial;https://buscador.mercadopublico.cl/ficha?code=734-167-COT26
OPORTUNIDAD;;4733-375-COT26; EVENTO INTERGENERACIONAL MATEANDO LA HISTORIA LOCAL;I MUNICIPALIDAD DE LAS GUAITECAS;3865400;08-10 10:00;Ventas y marketing;https://buscador.mercadopublico.cl/ficha?code=4733-375-COT26
